ast,stl,blk,tov,pf,pts,name,position,team
2.3000000000000003,0.6714285714285715,0.17142857142857143,1.0571428571428572,1.5285714285714285,6.642857142857143,Aaron Holiday,PG,IND
