ast,stl,blk,tov,pf,pts,name,position,team
0.6666666666666666,0.4666666666666666,0.23333333333333336,0.7000000000000001,2.066666666666667,5.466666666666666,Aaron Nesmith,SF,BOS
