ast,stl,blk,tov,pf,pts,name,position,team
2.5545454545454542,0.7090909090909091,0.6545454545454544,1.5636363636363635,1.9545454545454548,13.090909090909092,Aaron Gordon,PF,DEN
