ast,stl,blk,tov,pf,pts,name,position,team
0.5599999999999999,0.4,0.30000000000000004,0.7,1.2399999999999998,4.4799999999999995,Abdel Nader,SF,PHO
