ast,stl,blk,tov,pf,pts,name,position,team
1.2,0.8923076923076926,0.49230769230769234,1.1615384615384614,1.7076923076923076,6.538461538461538,Al-Farouq Aminu,PF,CHI
