ast,stl,blk,tov,pf,pts,name,position,team
3.2249999999999996,0.8,1.1812500000000001,1.4625,2.15625,13.556249999999999,Al Horford,C,OKC
