ast,stl,blk,tov,pf,pts,name,position,team
1.9882352941176469,0.6764705882352942,0.2058823529411764,1.1529411764705884,1.7823529411764705,10.676470588235292,Alec Burks,SG,NYK
