ast,stl,blk,tov,pf,pts,name,position,team
2.9333333333333336,1.1666666666666667,0.4000000000000001,1.2666666666666664,1.9666666666666668,6.216666666666666,Alex Caruso,PG,LAL
