ast,stl,blk,tov,pf,pts,name,position,team
0.7642857142857142,0.32142857142857145,0.8571428571428571,1.0214285714285716,2.2142857142857144,6.492857142857142,Alex Len,C,TOR
