ast,stl,blk,tov,pf,pts,name,position,team
0.28,0.26,0.13999999999999999,0.36000000000000004,1.3,3.4799999999999995,Alfonzo McKinnie,SF,LAL
