ast,stl,blk,tov,pf,pts,name,position,team
1.1500000000000001,0.7249999999999999,0.5499999999999999,0.89375,2.2,6.506249999999999,Anderson Varejão,C,CLE
