ast,stl,blk,tov,pf,pts,name,position,team
2.609090909090909,1.018181818181818,0.790909090909091,2.0,2.2636363636363637,19.59090909090909,Andrew Wiggins,PF,GSW
