ast,stl,blk,tov,pf,pts,name,position,team
4.1,1.3666666666666663,0.5499999999999998,1.7388888888888892,1.727777777777778,10.622222222222224,Andre Iguodala,SF,MIA
