ast,stl,blk,tov,pf,pts,name,position,team
1.6,1.3294117647058825,1.2999999999999996,2.1823529411764713,3.0588235294117645,13.37058823529412,Andre Drummond,C,CLE
