ast,stl,blk,tov,pf,pts,name,position,team
2.4636363636363643,1.3636363636363635,2.2818181818181817,1.9636363636363638,2.3727272727272726,23.981818181818184,Anthony Davis,PF,LAL
