ast,stl,blk,tov,pf,pts,name,position,team
1.1666666666666667,0.3,0.13333333333333333,0.6333333333333334,1.2333333333333332,3.6666666666666665,Anthony Lamb,SF,HOU
