ast,stl,blk,tov,pf,pts,name,position,team
3.5666666666666664,1.5,0.46666666666666673,2.6333333333333333,2.3333333333333335,21.099999999999998,Anthony Edwards,SG,MIN
