ast,stl,blk,tov,pf,pts,name,position,team
0.2,0.17272727272727273,0.07272727272727274,0.3272727272727272,0.990909090909091,1.5545454545454547,Anthony Gill,PF,WAS
