ast,stl,blk,tov,pf,pts,name,position,team
2.8687500000000004,0.5375,0.14375000000000002,1.45,1.7812499999999998,8.64375,Armoni Brooks,SG,HOU
