ast,stl,blk,tov,pf,pts,name,position,team
0.7888888888888889,0.2,0.4555555555555556,0.8555555555555556,2.211111111111111,5.855555555555556,Aron Baynes,C,TOR
