ast,stl,blk,tov,pf,pts,name,position,team
2.135294117647059,0.676470588235294,0.15882352941176475,0.9941176470588234,2.070588235294117,8.01764705882353,Austin Rivers,SG,DEN
