ast,stl,blk,tov,pf,pts,name,position,team
1.8222222222222217,0.9277777777777777,0.17777777777777778,1.338888888888889,2.144444444444444,10.366666666666667,Avery Bradley,SG,HOU
