ast,stl,blk,tov,pf,pts,name,position,team
3.483333333333334,1.0166666666666666,0.8666666666666667,2.25,2.5833333333333335,15.049999999999999,Bam Adebayo,C,MIA
