ast,stl,blk,tov,pf,pts,name,position,team
7.3199999999999985,1.6199999999999999,0.7000000000000001,3.16,3.0,14.34,Ben Simmons,PG,PHI
