ast,stl,blk,tov,pf,pts,name,position,team
0.8727272727272729,0.5454545454545454,0.19090909090909092,0.9818181818181819,1.9727272727272729,8.327272727272728,Ben McLemore,SG,HOU
