ast,stl,blk,tov,pf,pts,name,position,team
3.994117647058824,0.7411764705882353,0.4058823529411764,2.1352941176470592,2.5470588235294125,17.641176470588235,Blake Griffin,PF,DET
