ast,stl,blk,tov,pf,pts,name,position,team
0.5333333333333333,0.20000000000000004,0.3083333333333334,0.7250000000000001,1.1416666666666668,5.75,Boban Marjanović,C,DAL
