ast,stl,blk,tov,pf,pts,name,position,team
1.3199999999999998,0.58,0.38,1.1700000000000002,2.12,11.93,Bobby Portis,C,MIL
