ast,stl,blk,tov,pf,pts,name,position,team
3.1833333333333336,0.9499999999999998,0.21666666666666667,1.55,1.9666666666666666,15.083333333333334,Bogdan Bogdanović,SG,ATL
