ast,stl,blk,tov,pf,pts,name,position,team
0.65,0.25,0.775,1.0499999999999998,0.9249999999999999,5.675000000000001,Bol Bol,PF,DEN
