ast,stl,blk,tov,pf,pts,name,position,team
3.0625,0.7374999999999999,0.1875,0.8999999999999999,1.8,5.25,Brad Wanamaker,PG,GSW
