ast,stl,blk,tov,pf,pts,name,position,team
4.336363636363636,1.1272727272727272,0.39999999999999997,2.4909090909090907,2.1999999999999997,22.081818181818182,Bradley Beal,SG,WAS
