ast,stl,blk,tov,pf,pts,name,position,team
0.9249999999999999,0.35000000000000003,0.24999999999999997,0.7,1.125,3.075,Brodric Thomas,SG,CLE
