ast,stl,blk,tov,pf,pts,name,position,team
1.3066666666666669,0.5466666666666666,1.7599999999999996,1.5733333333333333,2.566666666666667,16.44,Brook Lopez,C,MIL
