ast,stl,blk,tov,pf,pts,name,position,team
0.5166666666666666,0.15,0.43333333333333335,0.6333333333333333,1.2999999999999998,3.7000000000000006,Bruno Fernando,C,ATL
