ast,stl,blk,tov,pf,pts,name,position,team
0.41818181818181815,0.3181818181818182,0.3727272727272728,0.49090909090909096,0.8545454545454546,2.6,Bruno Caboclo,PF,HOU
