ast,stl,blk,tov,pf,pts,name,position,team
1.088888888888889,0.34444444444444444,0.03333333333333334,0.6555555555555556,1.2666666666666666,8.055555555555555,Bryn Forbes,SG,MIL
