ast,stl,blk,tov,pf,pts,name,position,team
2.5272727272727273,0.8181818181818183,0.2727272727272727,1.7909090909090908,2.0454545454545454,15.47272727272727,Buddy Hield,SG,SAC
