ast,stl,blk,tov,pf,pts,name,position,team
3.0500000000000003,0.7083333333333334,0.21666666666666667,1.2249999999999999,1.7833333333333332,7.691666666666666,Cameron Payne,PG,PHO
