ast,stl,blk,tov,pf,pts,name,position,team
1.4749999999999999,0.8,0.32499999999999996,0.575,1.5999999999999999,10.975,Cameron Johnson,PF,PHO
