ast,stl,blk,tov,pf,pts,name,position,team
4.327272727272727,1.0636363636363637,0.3727272727272727,1.9454545454545453,2.0727272727272728,15.763636363636364,Caris LeVert,SG,IND
