ast,stl,blk,tov,pf,pts,name,position,team
2.661904761904762,0.9428571428571428,0.5285714285714286,2.3619047619047615,2.8380952380952387,22.371428571428563,Carmelo Anthony,PF,POR
