ast,stl,blk,tov,pf,pts,name,position,team
1.5333333333333332,0.3333333333333333,0.03333333333333333,0.6333333333333334,0.9,4.366666666666666,Carsen Edwards,SG,BOS
