ast,stl,blk,tov,pf,pts,name,position,team
0.6666666666666666,0.45,0.15000000000000002,0.7666666666666667,1.1833333333333333,4.183333333333333,Chandler Hutchison,SF,CHI
