ast,stl,blk,tov,pf,pts,name,position,team
0.42000000000000004,0.44000000000000006,0.22000000000000003,0.3,0.9400000000000001,2.0,Charlie Brown Jr.,SG,OKC
