ast,stl,blk,tov,pf,pts,name,position,team
1.5333333333333334,0.45,0.08333333333333333,0.6666666666666666,1.5,4.933333333333333,Chasson Randle,PG,ORL
