ast,stl,blk,tov,pf,pts,name,position,team
0.72,0.42000000000000004,0.31999999999999995,0.7200000000000001,1.06,5.160000000000001,Chimezie Metu,C,SAC
