ast,stl,blk,tov,pf,pts,name,position,team
0.911111111111111,0.4666666666666667,0.711111111111111,1.2333333333333334,1.4666666666666666,11.444444444444446,Christian Wood,C,HOU
