ast,stl,blk,tov,pf,pts,name,position,team
0.4166666666666667,0.4166666666666667,0.9333333333333335,0.4666666666666666,1.7333333333333334,7.383333333333333,Chris Boucher,C,TOR
