ast,stl,blk,tov,pf,pts,name,position,team
9.450000000000001,2.083333333333333,0.1611111111111111,2.3666666666666667,2.438888888888888,17.62222222222222,Chris Paul,PG,PHO
