ast,stl,blk,tov,pf,pts,name,position,team
0.4142857142857142,0.05714285714285715,0.27142857142857146,0.6,1.5,1.9714285714285715,Chris Silva,PF,MIA
