ast,stl,blk,tov,pf,pts,name,position,team
1.7666666666666668,1.0333333333333334,0.5333333333333333,0.7000000000000001,1.4666666666666668,7.266666666666666,Chuma Okeke,PF,ORL
