ast,stl,blk,tov,pf,pts,name,position,team
3.866666666666666,0.9333333333333332,0.35833333333333334,1.7583333333333335,2.0166666666666666,19.0,CJ McCollum,SG,POR
