ast,stl,blk,tov,pf,pts,name,position,team
3.075,0.6499999999999999,0.175,1.4749999999999999,2.075,12.075,Coby White,PG,CHI
