ast,stl,blk,tov,pf,pts,name,position,team
4.566666666666667,0.7999999999999999,0.3666666666666667,2.1333333333333333,2.6999999999999997,14.233333333333334,Cole Anthony,PG,ORL
