ast,stl,blk,tov,pf,pts,name,position,team
3.0285714285714285,0.7285714285714285,0.23571428571428574,1.0285714285714287,1.6214285714285714,6.8999999999999995,Cory Joseph,PG,DET
