ast,stl,blk,tov,pf,pts,name,position,team
0.7000000000000001,0.3,0.18333333333333332,0.5833333333333334,1.3166666666666667,3.8333333333333326,Cristiano Felício,C,CHI
