ast,stl,blk,tov,pf,pts,name,position,team
0.59,0.28,0.6599999999999999,0.6300000000000001,1.9099999999999997,4.430000000000001,Damian Jones,C,LAL
