ast,stl,blk,tov,pf,pts,name,position,team
6.763636363636363,0.9272727272727272,0.3272727272727272,2.8999999999999995,1.8545454545454545,25.145454545454548,Damian Lillard,PG,POR
