ast,stl,blk,tov,pf,pts,name,position,team
1.4333333333333333,0.7333333333333334,0.08333333333333333,0.75,1.5999999999999999,8.433333333333332,Damion Lee,SG,GSW
