ast,stl,blk,tov,pf,pts,name,position,team
1.24,0.38,0.06000000000000001,0.5399999999999999,0.8800000000000001,6.04,Damyean Dotson,SG,CLE
