ast,stl,blk,tov,pf,pts,name,position,team
1.2666666666666668,0.5,0.8111111111111111,0.9111111111111112,2.5444444444444443,8.200000000000001,Daniel Theis,C,BOS
