ast,stl,blk,tov,pf,pts,name,position,team
1.8600000000000003,0.7333333333333332,0.36,1.2333333333333336,1.8133333333333332,15.139999999999999,Danilo Gallinari,PF,ATL
