ast,stl,blk,tov,pf,pts,name,position,team
0.5499999999999999,0.43333333333333335,1.3499999999999999,0.7999999999999999,1.9666666666666666,7.033333333333332,Daniel Gafford,PF,CHI
