ast,stl,blk,tov,pf,pts,name,position,team
1.3846153846153846,0.9461538461538463,0.6923076923076923,0.9153846153846152,1.623076923076923,8.023076923076923,Danny Green,SF,PHI
