ast,stl,blk,tov,pf,pts,name,position,team
1.8874999999999997,0.42500000000000004,0.21250000000000002,1.1375,1.45,5.2625,Dante Exum,SG,CLE
