ast,stl,blk,tov,pf,pts,name,position,team
0.93,0.42000000000000004,0.29,0.6399999999999999,1.21,5.769999999999999,Danuel House Jr.,SF,HOU
