ast,stl,blk,tov,pf,pts,name,position,team
0.6,0.36000000000000004,0.22000000000000003,0.32,1.2999999999999998,3.3999999999999995,DaQuan Jeffries,SG,HOU
