ast,stl,blk,tov,pf,pts,name,position,team
1.7750000000000001,0.5375,0.18750000000000003,1.4249999999999998,2.1625,10.35,Dario Šarić,C,PHO
