ast,stl,blk,tov,pf,pts,name,position,team
1.225,0.5750000000000001,0.8500000000000001,1.2,1.075,8.924999999999999,Darius Bazley,PF,OKC
