ast,stl,blk,tov,pf,pts,name,position,team
1.1500000000000001,0.4333333333333333,0.20000000000000004,0.5166666666666667,1.7333333333333334,4.533333333333334,Darius Miller,SF,OKC
