ast,stl,blk,tov,pf,pts,name,position,team
0.9166666666666666,0.7333333333333334,0.46666666666666673,0.6333333333333334,1.833333333333333,6.6499999999999995,David Nwaba,SF,HOU
