ast,stl,blk,tov,pf,pts,name,position,team
2.9200000000000004,1.5000000000000002,0.48,1.5,1.92,8.879999999999999,De'Anthony Melton,PG,MEM
