ast,stl,blk,tov,pf,pts,name,position,team
6.1499999999999995,1.3,0.4666666666666666,2.766666666666666,2.6333333333333333,20.2,De'Aaron Fox,PG,SAC
