ast,stl,blk,tov,pf,pts,name,position,team
4.85,1.4000000000000001,0.2833333333333334,1.9166666666666667,1.7666666666666666,13.333333333333334,Dejounte Murray,PG,SAS
