ast,stl,blk,tov,pf,pts,name,position,team
3.2416666666666667,1.3333333333333333,0.4333333333333333,1.0333333333333334,1.1583333333333334,7.800000000000001,Delon Wright,SG,DET
