ast,stl,blk,tov,pf,pts,name,position,team
2.8529411764705883,1.1941176470588235,0.9941176470588234,2.870588235294118,3.4647058823529413,17.47058823529412,DeMarcus Cousins,C,HOU
