ast,stl,blk,tov,pf,pts,name,position,team
3.9999999999999996,0.9642857142857144,0.3071428571428571,2.0785714285714283,2.278571428571429,21.142857142857142,DeMar DeRozan,PF,SAS
