ast,stl,blk,tov,pf,pts,name,position,team
1.9333333333333336,0.6999999999999998,0.4666666666666666,1.0333333333333334,2.6333333333333333,7.466666666666666,Deni Avdija,SF,WAS
