ast,stl,blk,tov,pf,pts,name,position,team
3.9900000000000007,1.17,0.38999999999999996,1.8699999999999999,1.9599999999999997,9.379999999999999,Dennis Smith Jr.,PG,DET
