ast,stl,blk,tov,pf,pts,name,position,team
4.608333333333333,0.775,0.125,2.2666666666666666,2.033333333333333,13.283333333333337,Dennis Schröder,SG,LAL
