ast,stl,blk,tov,pf,pts,name,position,team
1.1714285714285715,0.5142857142857142,0.07142857142857142,0.8,1.3571428571428572,5.271428571428571,Denzel Valentine,SG,CHI
