ast,stl,blk,tov,pf,pts,name,position,team
0.611111111111111,0.48888888888888893,0.6555555555555554,0.4666666666666667,1.6777777777777776,5.233333333333333,Derrick Jones Jr.,SF,POR
