ast,stl,blk,tov,pf,pts,name,position,team
3.5749999999999997,0.7375,0.725,1.2375,2.1,11.075000000000001,Derrick White,SG,SAS
