ast,stl,blk,tov,pf,pts,name,position,team
4.388888888888889,0.6944444444444445,0.3055555555555556,2.15,1.077777777777778,15.261111111111111,Derrick Rose,PG,DET
