ast,stl,blk,tov,pf,pts,name,position,team
3.0666666666666664,0.7999999999999999,0.30000000000000004,1.5666666666666664,2.266666666666667,17.366666666666664,Desmond Bane,SG,MEM
