ast,stl,blk,tov,pf,pts,name,position,team
2.1,0.9333333333333332,0.4333333333333333,0.9,1.6333333333333335,12.666666666666666,Devin Vassell,SF,SAS
