ast,stl,blk,tov,pf,pts,name,position,team
1.2333333333333334,0.39999999999999997,0.0,0.39999999999999997,1.2,1.9000000000000001,Devon Dotson,PG,CHI
