ast,stl,blk,tov,pf,pts,name,position,team
0.5,0.26666666666666666,0.2333333333333333,0.16666666666666666,0.5,3.6999999999999997,Devontae Cacok,PF,LAL
