ast,stl,blk,tov,pf,pts,name,position,team
0.5466666666666667,0.4466666666666667,0.7466666666666667,0.88,2.433333333333333,5.5666666666666655,Dewayne Dedmon,C,MIA
