ast,stl,blk,tov,pf,pts,name,position,team
2.1,0.9333333333333332,0.2666666666666667,1.5666666666666664,3.233333333333333,14.66666666666667,Dillon Brooks,SF,MEM
