ast,stl,blk,tov,pf,pts,name,position,team
4.444444444444445,0.8111111111111112,0.43333333333333335,2.5777777777777775,3.2222222222222223,16.033333333333335,Domantas Sabonis,PF,IND
