ast,stl,blk,tov,pf,pts,name,position,team
2.4285714285714284,1.0285714285714285,0.19999999999999998,1.4142857142857144,1.657142857142857,8.0,Donte DiVincenzo,SG,MIL
