ast,stl,blk,tov,pf,pts,name,position,team
1.3571428571428572,0.8142857142857142,0.39999999999999997,0.9,2.1000000000000005,8.057142857142857,Dorian Finney-Smith,PF,DAL
