ast,stl,blk,tov,pf,pts,name,position,team
0.9692307692307693,0.20769230769230768,0.11538461538461539,0.6615384615384614,1.4307692307692308,8.86153846153846,Doug McDermott,PF,IND
