ast,stl,blk,tov,pf,pts,name,position,team
5.8,1.3545454545454545,1.0181818181818183,2.290909090909091,2.8454545454545457,8.600000000000001,Draymond Green,PF,GSW
