ast,stl,blk,tov,pf,pts,name,position,team
0.9142857142857143,0.35714285714285715,0.6571428571428571,0.9285714285714287,1.6285714285714286,6.457142857142856,Drew Eubanks,C,SAS
