ast,stl,blk,tov,pf,pts,name,position,team
1.1,0.44999999999999996,0.07500000000000001,0.5750000000000001,1.3250000000000002,6.800000000000001,Dwayne Bacon,SG,ORL
