ast,stl,blk,tov,pf,pts,name,position,team
0.809090909090909,0.5727272727272726,0.390909090909091,0.6454545454545455,1.9909090909090907,6.354545454545454,Dwight Powell,C,DAL
