ast,stl,blk,tov,pf,pts,name,position,team
1.2888888888888888,0.8666666666666667,1.677777777777778,2.5777777777777775,3.1555555555555554,15.38888888888889,Dwight Howard,C,PHI
