ast,stl,blk,tov,pf,pts,name,position,team
0.8666666666666667,0.3777777777777777,0.30000000000000004,0.5,1.6555555555555557,7.2555555555555555,Dāvis Bertāns,PF,WAS
