ast,stl,blk,tov,pf,pts,name,position,team
0.7000000000000001,0.4642857142857143,0.7642857142857143,0.6785714285714286,2.3642857142857143,5.514285714285713,Ed Davis,C,MIN
