ast,stl,blk,tov,pf,pts,name,position,team
0.8800000000000001,0.52,0.18,0.64,1.3800000000000001,5.0200000000000005,Edmond Sumner,SG,IND
