ast,stl,blk,tov,pf,pts,name,position,team
1.3333333333333333,0.3333333333333333,0.16666666666666666,1.0666666666666667,1.5666666666666667,9.766666666666667,Eric Paschall,PF,GSW
