ast,stl,blk,tov,pf,pts,name,position,team
2.8400000000000003,0.8666666666666666,0.34,2.0,1.8200000000000003,16.34,Eric Gordon,SG,HOU
