ast,stl,blk,tov,pf,pts,name,position,team
2.630769230769231,0.8999999999999999,0.2076923076923077,1.553846153846154,2.3461538461538463,13.884615384615383,Evan Fournier,SG,BOS
