ast,stl,blk,tov,pf,pts,name,position,team
2.6999999999999997,1.0,0.20000000000000004,0.8333333333333334,1.4333333333333333,4.166666666666667,Facundo Campazzo,PG,DEN
