ast,stl,blk,tov,pf,pts,name,position,team
4.985714285714286,1.3142857142857143,0.38571428571428573,1.6,2.028571428571429,13.857142857142858,Fred VanVleet,SG,TOR
