ast,stl,blk,tov,pf,pts,name,position,team
1.1333333333333335,0.49999999999999994,0.11666666666666665,0.6000000000000001,1.0333333333333334,6.466666666666668,Furkan Korkmaz,SG,PHI
