ast,stl,blk,tov,pf,pts,name,position,team
2.0,0.675,0.07500000000000001,0.8999999999999999,1.7999999999999998,6.175,Gabe Vincent,PG,MIA
