ast,stl,blk,tov,pf,pts,name,position,team
1.3714285714285712,0.7047619047619048,0.28571428571428575,0.8714285714285713,1.6428571428571428,5.180952380952381,Garrett Temple,SG,CHI
