ast,stl,blk,tov,pf,pts,name,position,team
0.48888888888888893,0.24444444444444446,0.288888888888889,0.21111111111111114,0.788888888888889,2.5888888888888886,Gary Clark,SF,DEN
