ast,stl,blk,tov,pf,pts,name,position,team
2.0272727272727273,1.0272727272727271,0.22727272727272727,1.1545454545454545,1.8272727272727274,11.145454545454546,Gary Harris,SG,DEN
