ast,stl,blk,tov,pf,pts,name,position,team
6.868421052631579,1.8105263157894735,0.2157894736842105,2.263157894736842,2.389473684210526,16.75263157894737,Gary Payton II,PG,GSW
