ast,stl,blk,tov,pf,pts,name,position,team
1.1090909090909091,0.5000000000000001,0.38181818181818183,1.3636363636363635,2.390909090909091,9.681818181818182,Gary Trent Jr.,SG,POR
