ast,stl,blk,tov,pf,pts,name,position,team
2.9476190476190474,0.8666666666666668,0.23333333333333325,1.1761904761904762,1.814285714285714,10.033333333333335,George Hill,PG,OKC
