ast,stl,blk,tov,pf,pts,name,position,team
2.509090909090909,1.1272727272727272,0.5454545454545454,2.890909090909091,2.6090909090909093,19.636363636363637,Glenn Robinson III,SF,SAC
