ast,stl,blk,tov,pf,pts,name,position,team
0.8250000000000001,0.30000000000000004,0.85,0.6,1.8,4.7250000000000005,Goga Bitadze,C,IND
