ast,stl,blk,tov,pf,pts,name,position,team
4.319047619047618,0.8999999999999999,0.1857142857142858,2.0,2.1904761904761902,12.20952380952381,Goran Dragić,PG,MIA
