ast,stl,blk,tov,pf,pts,name,position,team
1.2714285714285716,0.7,0.7571428571428572,0.9928571428571429,1.9357142857142857,6.878571428571428,Gorgui Dieng,C,MEM
