ast,stl,blk,tov,pf,pts,name,position,team
1.7,0.5799999999999998,0.2,0.9400000000000001,1.4,9.379999999999999,Grayson Allen,SG,MEM
