ast,stl,blk,tov,pf,pts,name,position,team
1.2571428571428573,0.7428571428571429,0.34285714285714286,1.1142857142857143,2.3000000000000003,8.942857142857141,Hamidou Diallo,SF,DET
