ast,stl,blk,tov,pf,pts,name,position,team
1.8461538461538463,0.6769230769230768,0.2,1.2615384615384615,1.5615384615384613,14.446153846153846,Harrison Barnes,PF,SAC
