ast,stl,blk,tov,pf,pts,name,position,team
1.2,0.39999999999999997,0.3666666666666667,0.9333333333333332,2.1999999999999997,5.566666666666666,Harry Giles,C,POR
