ast,stl,blk,tov,pf,pts,name,position,team
0.52,0.43999999999999995,1.86,1.2100000000000002,2.3899999999999997,10.27,Hassan Whiteside,C,SAC
