ast,stl,blk,tov,pf,pts,name,position,team
0.8285714285714286,0.14285714285714285,0.042857142857142864,0.31428571428571433,1.2142857142857142,4.728571428571428,Henry Ellenson,PF,TOR
