ast,stl,blk,tov,pf,pts,name,position,team
0.8166666666666668,0.16666666666666666,0.13333333333333333,0.5333333333333333,0.9833333333333334,4.25,Ignas Brazdeikis,SF,NYK
