ast,stl,blk,tov,pf,pts,name,position,team
2.8333333333333335,0.7000000000000001,0.10000000000000002,1.2,1.9333333333333336,10.933333333333335,Immanuel Quickley,PG,NYK
