ast,stl,blk,tov,pf,pts,name,position,team
1.4666666666666668,0.7666666666666667,0.3333333333333333,0.9666666666666668,2.433333333333333,7.566666666666666,Isaac Okoro,SG,CLE
