ast,stl,blk,tov,pf,pts,name,position,team
0.7,0.47500000000000003,0.19999999999999998,0.475,1.2750000000000001,2.1750000000000003,Isaac Bonga,SF,WAS
