ast,stl,blk,tov,pf,pts,name,position,team
1.0999999999999999,0.4333333333333333,1.0333333333333334,1.1,2.8666666666666667,9.3,Isaiah Stewart,C,DET
