ast,stl,blk,tov,pf,pts,name,position,team
0.7000000000000001,0.3666666666666667,0.10000000000000002,0.3666666666666667,0.9,4.433333333333334,Isaiah Joe,SG,PHI
