ast,stl,blk,tov,pf,pts,name,position,team
1.242857142857143,0.5,0.8000000000000002,0.9142857142857145,2.2857142857142856,5.457142857142857,Isaiah Hartenstein,C,CLE
