ast,stl,blk,tov,pf,pts,name,position,team
1.2000000000000002,0.55,0.425,0.9749999999999999,1.7000000000000002,5.8999999999999995,Isaiah Roby,PF,OKC
