ast,stl,blk,tov,pf,pts,name,position,team
3.3280000000000003,0.6680000000000001,0.22399999999999998,1.144,1.1039999999999999,6.104000000000001,Ish Smith,PG,WAS
