ast,stl,blk,tov,pf,pts,name,position,team
1.1,0.3,0.9111111111111112,1.177777777777778,2.277777777777778,8.466666666666665,Ivica Zubac,C,LAC
