ast,stl,blk,tov,pf,pts,name,position,team
1.6642857142857144,0.6857142857142858,0.3642857142857143,1.5357142857142854,1.792857142857143,11.385714285714284,Jabari Parker,PF,BOS
