ast,stl,blk,tov,pf,pts,name,position,team
1.1666666666666667,0.7999999999999999,1.0,1.0999999999999999,3.1333333333333333,8.933333333333334,Jaden McDaniels,PF,MIN
