ast,stl,blk,tov,pf,pts,name,position,team
0.7625,0.2125,0.7500000000000001,1.2625000000000002,2.15,8.5875,Jahlil Okafor,C,DET
