ast,stl,blk,tov,pf,pts,name,position,team
0.6124999999999999,0.4375,0.5750000000000001,0.7625000000000001,1.9375000000000002,6.8125,JaKarr Sampson,PF,IND
