ast,stl,blk,tov,pf,pts,name,position,team
0.4833333333333332,0.4000000000000001,0.25,0.48333333333333334,1.0,4.566666666666666,Jake Layman,SF,MIN
