ast,stl,blk,tov,pf,pts,name,position,team
1.7285714285714282,0.5857142857142857,1.2,1.1571428571428573,2.3000000000000003,8.014285714285714,Jakob Poeltl,C,SAS
