ast,stl,blk,tov,pf,pts,name,position,team
0.54,0.26,0.72,0.8200000000000001,1.6800000000000002,8.280000000000001,Jalen Smith,PF,PHO
