ast,stl,blk,tov,pf,pts,name,position,team
4.166666666666667,0.9666666666666668,0.3,2.0166666666666666,1.7833333333333334,17.133333333333333,Jamal Murray,PG,DEN
