ast,stl,blk,tov,pf,pts,name,position,team
0.805,0.555,0.29,0.6700000000000002,1.6600000000000001,6.225,James Ennis III,SF,ORL
