ast,stl,blk,tov,pf,pts,name,position,team
7.916666666666668,1.4277777777777778,0.5777777777777777,3.8277777777777775,2.483333333333333,24.34444444444445,James Harden,SG,HOU
