ast,stl,blk,tov,pf,pts,name,position,team
2.0350000000000006,0.7450000000000002,0.86,1.3350000000000002,2.33,7.245,James Johnson,PF,DAL
