ast,stl,blk,tov,pf,pts,name,position,team
0.7230769230769231,0.4846153846153846,0.3923076923076923,0.9923076923076924,2.3461538461538463,6.807692307692308,JaMychal Green,PF,DEN
