ast,stl,blk,tov,pf,pts,name,position,team
0.875,0.5083333333333333,0.08333333333333336,0.6666666666666666,1.3916666666666668,4.3999999999999995,Jaren Jackson Jr.,C,MEM
