ast,stl,blk,tov,pf,pts,name,position,team
0.9666666666666667,0.26666666666666666,0.06666666666666667,0.26666666666666666,0.3666666666666667,2.8333333333333335,Jared Harper,PG,NYK
