ast,stl,blk,tov,pf,pts,name,position,team
1.36875,0.7374999999999999,0.16875,0.7562499999999999,1.7125,6.468750000000002,Jared Dudley,PF,LAL
