ast,stl,blk,tov,pf,pts,name,position,team
1.4625,0.5750000000000001,1.3750000000000002,1.5,1.95,12.2125,Jarrett Allen,C,CLE
