ast,stl,blk,tov,pf,pts,name,position,team
0.8285714285714286,0.6428571428571429,0.2571428571428572,0.7428571428571429,1.2571428571428573,3.614285714285714,Jarred Vanderbilt,PF,MIN
