ast,stl,blk,tov,pf,pts,name,position,team
0.41428571428571426,0.3333333333333333,1.338095238095238,1.0476190476190477,2.138095238095238,7.376190476190474,JaVale McGee,C,CLE
