ast,stl,blk,tov,pf,pts,name,position,team
0.5666666666666668,0.7333333333333334,0.31666666666666665,0.5166666666666666,1.3,4.466666666666667,Javonte Green,SF,BOS
