ast,stl,blk,tov,pf,pts,name,position,team
1.3333333333333333,0.6666666666666666,0.3333333333333333,0.7666666666666666,1.3,7.8999999999999995,Jaylen Hoard,SF,OKC
