ast,stl,blk,tov,pf,pts,name,position,team
2.342857142857143,0.9571428571428571,0.3857142857142857,2.085714285714286,2.542857142857143,18.500000000000004,Jaylen Brown,SG,BOS
