ast,stl,blk,tov,pf,pts,name,position,team
3.233333333333333,1.1333333333333335,0.7333333333333334,2.25,2.1166666666666667,22.71666666666667,Jayson Tatum,SF,BOS
