ast,stl,blk,tov,pf,pts,name,position,team
5.062499999999999,0.99375,0.31875000000000003,1.9812500000000002,1.725,11.081249999999997,Jeff Teague,PG,BOS
