ast,stl,blk,tov,pf,pts,name,position,team
1.3727272727272728,0.5727272727272728,1.1454545454545455,1.2181818181818185,2.2636363636363637,12.081818181818182,Jerami Grant,SF,DET
