ast,stl,blk,tov,pf,pts,name,position,team
1.4666666666666668,0.6583333333333333,0.3833333333333333,0.7583333333333334,1.4666666666666666,9.124999999999998,Jeremy Lamb,SG,IND
