ast,stl,blk,tov,pf,pts,name,position,team
1.3199999999999998,0.48,0.27999999999999997,0.8,1.8,5.140000000000001,Jerome Robinson,SG,WAS
