ast,stl,blk,tov,pf,pts,name,position,team
1.8285714285714287,0.6428571428571429,0.2857142857142857,0.6428571428571429,1.3285714285714287,5.0,Jevon Carter,PG,PHO
