ast,stl,blk,tov,pf,pts,name,position,team
4.257142857142857,1.7000000000000004,0.47857142857142854,1.6142857142857143,1.4785714285714284,18.142857142857142,Jimmy Butler,SF,MIA
