ast,stl,blk,tov,pf,pts,name,position,team
3.4,0.8999999999999998,1.714285714285714,3.5,3.142857142857143,26.585714285714285,Joel Embiid,C,PHI
