ast,stl,blk,tov,pf,pts,name,position,team
1.2999999999999998,0.7000000000000001,0.25,0.5,1.1,5.074999999999999,John Konchar,SG,MEM
