ast,stl,blk,tov,pf,pts,name,position,team
1.5166666666666666,0.6333333333333333,1.116666666666667,1.5,3.15,16.283333333333335,John Collins,PF,ATL
