ast,stl,blk,tov,pf,pts,name,position,team
8.581818181818182,1.5272727272727273,0.7090909090909091,3.645454545454545,2.090909090909091,18.58181818181818,John Wall,PG,HOU
