ast,stl,blk,tov,pf,pts,name,position,team
1.3153846153846156,0.40769230769230763,1.0000000000000002,1.7230769230769232,2.8538461538461535,13.923076923076923,Jonas Valančiūnas,C,MEM
