ast,stl,blk,tov,pf,pts,name,position,team
1.6500000000000001,1.1071428571428572,0.33571428571428574,0.8071428571428572,1.6428571428571428,10.357142857142858,Jontay Porter,PF,MEM
