ast,stl,blk,tov,pf,pts,name,position,team
0.7333333333333334,0.39999999999999997,0.19999999999999998,0.9,1.0,6.766666666666667,Jordan Nwora,SF,MIL
