ast,stl,blk,tov,pf,pts,name,position,team
1.0222222222222221,0.4111111111111111,0.6555555555555556,0.7444444444444445,1.2555555555555555,2.8333333333333335,Jordan Bell,C,GSW
