ast,stl,blk,tov,pf,pts,name,position,team
2.5200000000000005,0.9600000000000002,0.4999999999999999,1.32,2.15,11.330000000000002,Josh Richardson,SG,DAL
