ast,stl,blk,tov,pf,pts,name,position,team
1.5000000000000002,0.7142857142857143,0.5142857142857143,1.4857142857142858,2.142857142857143,9.257142857142856,Josh Jackson,SG,DET
