ast,stl,blk,tov,pf,pts,name,position,team
1.0333333333333332,0.6666666666666666,0.10000000000000002,0.6,1.7,4.8,Josh Green,SG,DAL
