ast,stl,blk,tov,pf,pts,name,position,team
6.542857142857143,1.5214285714285718,0.5071428571428571,2.7357142857142867,2.2499999999999996,16.349999999999998,Jrue Holiday,PG,MIL
