ast,stl,blk,tov,pf,pts,name,position,team
3.188888888888888,0.6333333333333333,0.36666666666666664,2.5444444444444443,2.9,16.666666666666668,Julius Randle,PF,NYK
