ast,stl,blk,tov,pf,pts,name,position,team
0.8583333333333334,0.23333333333333336,0.10833333333333332,0.4166666666666666,0.8250000000000002,5.375,Justin Jackson,SF,MIL
