ast,stl,blk,tov,pf,pts,name,position,team
2.7499999999999996,0.8999999999999998,0.44000000000000006,1.45,2.3,8.370000000000001,Justise Winslow,SF,MEM
