ast,stl,blk,tov,pf,pts,name,position,team
1.4500000000000002,0.8687499999999999,0.44999999999999996,0.89375,1.6187500000000001,7.949999999999998,Justin Holiday,SG,IND
