ast,stl,blk,tov,pf,pts,name,position,team
1.1333333333333333,0.2333333333333333,0.05000000000000001,0.5166666666666666,0.9500000000000002,2.65,Justin Robinson,PG,OKC
