ast,stl,blk,tov,pf,pts,name,position,team
2.409090909090909,0.9454545454545454,1.2454545454545456,2.1999999999999997,3.2181818181818187,12.454545454545455,Jusuf Nurkić,C,POR
