ast,stl,blk,tov,pf,pts,name,position,team
2.9545454545454546,1.663636363636364,0.6181818181818182,1.6181818181818182,1.6272727272727272,18.37272727272727,Kawhi Leonard,SF,LAC
