ast,stl,blk,tov,pf,pts,name,position,team
0.557142857142857,0.4714285714285715,0.3857142857142858,0.5,0.8714285714285716,5.685714285714286,Keita Bates-Diop,SF,SAS
