ast,stl,blk,tov,pf,pts,name,position,team
0.54,0.27999999999999997,0.24,0.42000000000000004,1.02,4.58,Kelan Martin,SF,IND
