ast,stl,blk,tov,pf,pts,name,position,team
1.9250000000000003,0.75,0.17500000000000002,1.375,1.875,14.95,Keldon Johnson,SF,SAS
