ast,stl,blk,tov,pf,pts,name,position,team
2.35,0.8750000000000001,0.5166666666666666,1.5999999999999999,2.9250000000000003,11.041666666666666,Kelly Olynyk,PF,HOU
