ast,stl,blk,tov,pf,pts,name,position,team
1.06,1.05,0.55,1.1400000000000001,2.5799999999999996,13.670000000000002,Kelly Oubre Jr.,SF,GSW
