ast,stl,blk,tov,pf,pts,name,position,team
5.141666666666667,1.0999999999999999,0.425,1.8750000000000002,1.5916666666666666,17.991666666666667,Kemba Walker,PG,BOS
