ast,stl,blk,tov,pf,pts,name,position,team
2.3333333333333335,0.6333333333333334,0.16666666666666666,1.3999999999999997,1.7,11.766666666666666,Kendrick Nunn,PG,MIA
