ast,stl,blk,tov,pf,pts,name,position,team
1.8399999999999999,0.8,0.31999999999999995,0.7799999999999999,2.04,6.32,Kenrich Williams,PF,OKC
