ast,stl,blk,tov,pf,pts,name,position,team
1.6785714285714284,0.9571428571428571,0.42857142857142866,1.3285714285714287,2.107142857142857,8.092857142857143,Kent Bazemore,SF,GSW
