ast,stl,blk,tov,pf,pts,name,position,team
1.73,1.0899999999999999,0.24999999999999994,1.05,1.8699999999999999,11.49,Kentavious Caldwell-Pope,SG,LAL
