ast,stl,blk,tov,pf,pts,name,position,team
1.6066666666666665,1.02,0.9933333333333333,1.5933333333333335,3.2466666666666675,10.726666666666667,Kenyon Martin Jr.,SF,HOU
