ast,stl,blk,tov,pf,pts,name,position,team
3.2399999999999998,0.9600000000000002,0.38,1.3800000000000001,2.38,12.3,Kevin Huerter,SG,ATL
