ast,stl,blk,tov,pf,pts,name,position,team
0.5428571428571428,0.2857142857142857,0.19999999999999998,0.5428571428571429,1.2,5.4,Kevin Knox,SF,NYK
