ast,stl,blk,tov,pf,pts,name,position,team
2.3399999999999994,0.6199999999999999,0.38,1.8599999999999999,1.9600000000000002,17.006666666666664,Kevin Love,PF,CLE
