ast,stl,blk,tov,pf,pts,name,position,team
1.2999999999999998,0.4125,0.4625,0.5000000000000001,1.875,4.3125,Kevon Looney,C,GSW
