ast,stl,blk,tov,pf,pts,name,position,team
1.0250000000000001,0.525,0.6,0.5750000000000001,1.6625,5.6000000000000005,Khem Birch,C,ORL
