ast,stl,blk,tov,pf,pts,name,position,team
3.727272727272727,1.1363636363636362,0.17272727272727276,1.9,2.4909090909090907,15.936363636363636,Khris Middleton,SF,MIL
