ast,stl,blk,tov,pf,pts,name,position,team
1.9000000000000001,0.8333333333333334,0.4666666666666666,0.6,1.1666666666666667,6.933333333333333,Khyri Thomas,SG,HOU
