ast,stl,blk,tov,pf,pts,name,position,team
4.866666666666666,1.1,0.43333333333333335,2.2,2.6666666666666665,7.266666666666666,Killian Hayes,PG,DET
