ast,stl,blk,tov,pf,pts,name,position,team
0.16666666666666666,0.3666666666666667,0.09999999999999999,0.4666666666666666,0.3,1.0666666666666667,Kostas Antetokounmpo,PF,LAL
