ast,stl,blk,tov,pf,pts,name,position,team
1.9222222222222223,0.7000000000000001,1.7777777777777777,1.6777777777777776,2.966666666666667,19.977777777777774,Kristaps Porziņģis,C,DAL
