ast,stl,blk,tov,pf,pts,name,position,team
3.983333333333333,1.4333333333333333,0.4166666666666667,1.7833333333333332,2.9166666666666665,7.449999999999999,Kris Dunn,PG,ATL
