ast,stl,blk,tov,pf,pts,name,position,team
0.7333333333333334,0.20000000000000004,0.03333333333333333,0.3666666666666667,0.5,2.6666666666666665,Kyle Guy,PG,SAC
