ast,stl,blk,tov,pf,pts,name,position,team
2.433333333333333,0.55,0.5166666666666667,2.033333333333333,2.15,16.5,Kyle Kuzma,SF,LAL
