ast,stl,blk,tov,pf,pts,name,position,team
2.377777777777778,1.0,0.6333333333333334,0.9888888888888889,1.4999999999999998,6.555555555555556,Kyle Anderson,PF,MEM
