ast,stl,blk,tov,pf,pts,name,position,team
5.9526315789473685,1.2842105263157895,0.29473684210526313,2.2631578947368425,2.652631578947368,13.694736842105263,Kyle Lowry,PG,TOR
