ast,stl,blk,tov,pf,pts,name,position,team
1.9277777777777771,0.6555555555555556,1.1555555555555554,1.4555555555555553,2.333333333333334,18.083333333333332,LaMarcus Aldridge,C,SAS
