ast,stl,blk,tov,pf,pts,name,position,team
0.5666666666666665,0.5,0.3666666666666667,0.5666666666666665,1.5,5.766666666666666,Lamar Stevens,PF,CLE
