ast,stl,blk,tov,pf,pts,name,position,team
1.6166666666666665,0.5083333333333333,0.10833333333333332,0.6749999999999999,1.3666666666666665,6.441666666666666,Langston Galloway,SG,PHO
