ast,stl,blk,tov,pf,pts,name,position,team
2.646666666666667,0.9333333333333335,2.193333333333334,1.906666666666667,3.0200000000000005,17.16,Larry Nance Jr.,PF,CLE
