ast,stl,blk,tov,pf,pts,name,position,team
1.4166666666666667,0.65,0.5333333333333333,1.4166666666666667,1.883333333333333,16.533333333333335,Lauri Markkanen,PF,CHI
