ast,stl,blk,tov,pf,pts,name,position,team
7.315,1.53,0.7449999999999999,3.505,1.845,27.065000000000005,LeBron James,PG,LAL
