ast,stl,blk,tov,pf,pts,name,position,team
1.42,0.5599999999999999,0.27999999999999997,0.8,1.3000000000000003,9.66,Lonnie Walker IV,SG,SAS
