ast,stl,blk,tov,pf,pts,name,position,team
3.2428571428571433,0.8095238095238095,0.17142857142857149,1.6666666666666667,1.1952380952380952,13.328571428571431,Lou Williams,PG,ATL
