ast,stl,blk,tov,pf,pts,name,position,team
0.9666666666666667,0.5333333333333333,0.19999999999999998,0.3,1.3,4.6000000000000005,Louis King,SF,SAC
