ast,stl,blk,tov,pf,pts,name,position,team
2.0666666666666664,0.48333333333333334,0.15,1.0166666666666666,1.5,10.199999999999998,Luke Kennard,SG,LAC
