ast,stl,blk,tov,pf,pts,name,position,team
0.7454545454545454,0.2090909090909091,0.6454545454545456,0.23636363636363636,0.8999999999999999,3.6818181818181817,Luke Kornet,C,BOS
