ast,stl,blk,tov,pf,pts,name,position,team
1.8666666666666665,0.5666666666666668,0.10000000000000002,0.6,1.3333333333333333,5.866666666666667,Malachi Flynn,PG,TOR
