ast,stl,blk,tov,pf,pts,name,position,team
4.757142857142857,0.7857142857142857,0.2571428571428572,1.8142857142857143,1.9285714285714286,15.671428571428569,Malcolm Brogdon,PG,IND
