ast,stl,blk,tov,pf,pts,name,position,team
0.22499999999999998,0.0,0.0,0.1,0.45000000000000007,1.2999999999999998,Malik Fitts,PF,LAC
