ast,stl,blk,tov,pf,pts,name,position,team
1.3555555555555554,0.6222222222222222,0.1111111111111111,0.8999999999999999,1.2333333333333334,11.533333333333331,Malik Beasley,SG,MIN
