ast,stl,blk,tov,pf,pts,name,position,team
0.3333333333333333,0.3666666666666667,0.5333333333333333,0.39999999999999997,1.5333333333333332,3.2000000000000006,Mamadi Diakite,PF,MIL
