ast,stl,blk,tov,pf,pts,name,position,team
3.4733333333333336,0.9066666666666666,1.34,1.9266666666666665,2.8200000000000003,13.539999999999997,Marc Gasol,C,LAL
