ast,stl,blk,tov,pf,pts,name,position,team
4.833333333333333,1.5444444444444443,0.38888888888888884,1.8555555555555554,2.611111111111111,10.722222222222221,Marcus Smart,PG,BOS
