ast,stl,blk,tov,pf,pts,name,position,team
1.3562500000000002,0.6625,0.3125,1.14375,2.1562499999999996,11.8125,Marcus Morris,PF,LAC
