ast,stl,blk,tov,pf,pts,name,position,team
1.4944444444444445,0.7055555555555557,0.44999999999999996,1.361111111111111,2.594444444444444,9.88888888888889,Markieff Morris,PF,LAL
