ast,stl,blk,tov,pf,pts,name,position,team
4.5,0.9833333333333333,0.25000000000000006,1.95,2.066666666666667,10.133333333333333,Markelle Fultz,PG,ORL
