ast,stl,blk,tov,pf,pts,name,position,team
0.8428571428571426,0.5428571428571428,0.6285714285714284,1.1428571428571428,2.2571428571428567,12.828571428571427,Marvin Bagley III,PF,SAC
