ast,stl,blk,tov,pf,pts,name,position,team
2.7416666666666667,0.75,0.8999999999999999,1.5583333333333333,2.841666666666667,8.691666666666668,Mason Plumlee,C,DET
