ast,stl,blk,tov,pf,pts,name,position,team
0.925,1.4000000000000001,0.7750000000000001,0.525,1.9749999999999999,4.025,Matisse Thybulle,SG,PHI
