ast,stl,blk,tov,pf,pts,name,position,team
0.44000000000000006,0.13999999999999999,0.02,0.29999999999999993,0.52,3.6599999999999993,Matt Thomas,SG,TOR
