ast,stl,blk,tov,pf,pts,name,position,team
3.472727272727273,0.41818181818181815,0.03636363636363637,1.1090909090909091,1.645454545454546,4.654545454545455,Matthew Dellavedova,PG,CLE
