ast,stl,blk,tov,pf,pts,name,position,team
0.9928571428571428,0.8642857142857142,0.5642857142857143,0.7642857142857142,2.0785714285714287,6.135714285714286,Maurice Harkless,SF,MIA
