ast,stl,blk,tov,pf,pts,name,position,team
0.8444444444444446,0.17777777777777778,0.23333333333333334,0.6777777777777777,2.033333333333333,5.155555555555555,Meyers Leonard,C,MIA
