ast,stl,blk,tov,pf,pts,name,position,team
4.2,1.1916666666666667,0.5333333333333333,2.125,2.2916666666666665,9.466666666666667,Michael Carter-Williams,SG,ORL
