ast,stl,blk,tov,pf,pts,name,position,team
2.3,1.28,0.6599999999999999,0.9199999999999999,2.06,12.179999999999998,Mikal Bridges,SF,PHO
