ast,stl,blk,tov,pf,pts,name,position,team
0.8454545454545456,0.309090909090909,0.15454545454545457,0.6,1.5,6.1909090909090905,Mike Scott,PF,PHI
