ast,stl,blk,tov,pf,pts,name,position,team
0.8666666666666667,0.30000000000000004,0.5083333333333333,0.5750000000000001,1.4916666666666665,6.166666666666667,Mike Muscala,C,OKC
