ast,stl,blk,tov,pf,pts,name,position,team
0.5800000000000001,0.8400000000000001,1.92,0.66,3.02,8.219999999999999,Mitchell Robinson,C,NYK
