ast,stl,blk,tov,pf,pts,name,position,team
3.6999999999999997,0.8000000000000002,0.15,0.7166666666666667,1.0166666666666666,9.15,Monte Morris,PG,DEN
