ast,stl,blk,tov,pf,pts,name,position,team
1.225,0.46249999999999997,0.36250000000000004,1.1500000000000001,2.5,7.425000000000001,Moritz Wagner,C,BOS
