ast,stl,blk,tov,pf,pts,name,position,team
0.05000000000000001,0.23333333333333336,0.46666666666666673,0.48333333333333334,1.3499999999999999,4.6000000000000005,Moses Brown,C,OKC
