ast,stl,blk,tov,pf,pts,name,position,team
1.1875000000000002,0.6875000000000001,2.325,1.4000000000000004,2.95,13.25,Myles Turner,C,IND
