ast,stl,blk,tov,pf,pts,name,position,team
0.26666666666666666,0.26666666666666666,0.16666666666666666,0.39999999999999997,0.6666666666666666,2.6999999999999997,Nathan Knight,PF,ATL
