ast,stl,blk,tov,pf,pts,name,position,team
1.822222222222222,0.5777777777777777,0.3444444444444444,0.9666666666666666,2.2111111111111112,7.111111111111111,Nemanja Bjelica,PF,MIA
