ast,stl,blk,tov,pf,pts,name,position,team
0.9727272727272727,1.2181818181818183,1.2272727272727273,1.1090909090909091,2.4545454545454546,6.736363636363635,Nerlens Noel,C,NYK
