ast,stl,blk,tov,pf,pts,name,position,team
3.24,0.9000000000000001,0.6466666666666666,1.5333333333333337,1.7533333333333332,10.326666666666666,Nicolas Batum,SF,LAC
