ast,stl,blk,tov,pf,pts,name,position,team
6.625,1.2,0.7250000000000001,2.85,2.7875000000000005,20.312500000000004,Nikola Jokić,C,DEN
