ast,stl,blk,tov,pf,pts,name,position,team
2.8714285714285714,0.8642857142857142,0.8714285714285716,1.7357142857142855,2.3785714285714286,17.499999999999996,Nikola Vučević,C,CHI
