ast,stl,blk,tov,pf,pts,name,position,team
1.7333333333333334,0.8666666666666667,0.3416666666666666,1.375,2.0333333333333337,14.433333333333335,Norman Powell,SF,POR
