ast,stl,blk,tov,pf,pts,name,position,team
0.26666666666666666,0.05000000000000001,0.6666666666666666,0.45,1.3500000000000003,2.0166666666666666,Norvel Pelle,C,NYK
