ast,stl,blk,tov,pf,pts,name,position,team
0.8666666666666667,0.3333333333333333,0.3,0.6666666666666666,1.1333333333333333,6.933333333333334,Obi Toppin,PF,NYK
