ast,stl,blk,tov,pf,pts,name,position,team
1.6500000000000001,1.3666666666666665,0.5333333333333333,1.4000000000000001,2.4499999999999997,12.583333333333334,OG Anunoby,SF,TOR
