ast,stl,blk,tov,pf,pts,name,position,team
0.8333333333333334,0.5333333333333333,0.9,0.7999999999999999,2.6666666666666665,6.933333333333333,Onyeka Okongwu,C,ATL
