ast,stl,blk,tov,pf,pts,name,position,team
0.7250000000000001,0.625,0.425,0.55,1.375,7.0249999999999995,Oshae Brissett,SF,IND
