ast,stl,blk,tov,pf,pts,name,position,team
3.6857142857142855,0.9571428571428573,0.6714285714285714,1.885714285714286,2.7714285714285714,17.199999999999996,Pascal Siakam,PF,TOR
