ast,stl,blk,tov,pf,pts,name,position,team
1.1124999999999998,0.4625,0.23750000000000002,0.4625,1.0375,5.6,Pat Connaughton,SG,MIL
