ast,stl,blk,tov,pf,pts,name,position,team
1.1571428571428573,0.7285714285714285,0.09999999999999999,0.5857142857142856,1.1285714285714286,2.942857142857143,Patrick McCaw,SF,TOR
