ast,stl,blk,tov,pf,pts,name,position,team
1.0333333333333334,0.5266666666666666,0.44000000000000006,0.6933333333333335,1.6933333333333336,7.186666666666667,Patrick Patterson,PF,LAC
