ast,stl,blk,tov,pf,pts,name,position,team
3.290909090909091,1.1727272727272728,0.5363636363636364,1.309090909090909,3.0454545454545454,8.563636363636364,Patrick Beverley,PG,LAC
