ast,stl,blk,tov,pf,pts,name,position,team
1.0666666666666667,0.6666666666666666,0.7000000000000001,1.2666666666666666,1.8,9.200000000000001,Patrick Williams,PF,CHI
