ast,stl,blk,tov,pf,pts,name,position,team
2.0785714285714287,0.5499999999999999,0.06428571428571428,0.9214285714285716,1.1785714285714286,8.414285714285715,Patty Mills,PG,SAS
