ast,stl,blk,tov,pf,pts,name,position,team
0.4666666666666666,0.7666666666666666,0.5333333333333333,0.5,1.6666666666666667,3.1999999999999997,Paul Reed,PF,PHI
