ast,stl,blk,tov,pf,pts,name,position,team
2.0277777777777777,1.0944444444444443,0.8666666666666667,1.5499999999999998,2.833333333333334,12.038888888888888,Paul Millsap,PF,DEN
