ast,stl,blk,tov,pf,pts,name,position,team
3.56923076923077,1.6153846153846154,0.42307692307692313,2.746153846153846,2.5538461538461537,19.792307692307695,Paul George,SF,LAC
