ast,stl,blk,tov,pf,pts,name,position,team
0.8800000000000001,0.36,0.12000000000000002,0.27999999999999997,0.78,2.9,Paul Watson,SF,TOR
