ast,stl,blk,tov,pf,pts,name,position,team
1.6333333333333335,0.4666666666666666,0.10000000000000002,0.7333333333333334,0.9666666666666667,6.3999999999999995,Payton Pritchard,SG,BOS
