ast,stl,blk,tov,pf,pts,name,position,team
0.9666666666666668,0.3333333333333333,0.5666666666666668,1.0666666666666667,1.7333333333333334,7.633333333333333,Precious Achiuwa,PF,MIA
