ast,stl,blk,tov,pf,pts,name,position,team
1.5888888888888892,0.27777777777777785,0.011111111111111112,0.7444444444444444,0.8999999999999999,5.533333333333334,Quinn Cook,PG,CLE
