ast,stl,blk,tov,pf,pts,name,position,team
0.6333333333333333,0.26666666666666666,0.10000000000000002,0.43333333333333335,1.0,2.033333333333333,Quinndary Weatherspoon,SG,SAS
