ast,stl,blk,tov,pf,pts,name,position,team
7.372727272727274,1.3772727272727272,0.13181818181818186,2.5818181818181816,1.9181818181818182,8.740909090909092,Rajon Rondo,PG,ATL
