ast,stl,blk,tov,pf,pts,name,position,team
1.9624999999999997,0.5875,0.0625,0.8250000000000001,1.2125,5.3,Raul Neto,PG,WAS
