ast,stl,blk,tov,pf,pts,name,position,team
4.518750000000001,0.64375,0.11875000000000001,1.9375000000000002,1.9562499999999998,12.8875,Reggie Jackson,SG,LAC
