ast,stl,blk,tov,pf,pts,name,position,team
1.042857142857143,0.55,0.15,0.5285714285714286,1.2642857142857142,6.564285714285715,Reggie Bullock,SF,NYK
