ast,stl,blk,tov,pf,pts,name,position,team
0.9500000000000002,0.525,0.925,0.8500000000000001,2.575,8.75,Richaun Holmes,C,SAC
