ast,stl,blk,tov,pf,pts,name,position,team
7.627272727272728,1.7727272727272725,0.11818181818181818,2.645454545454546,2.5181818181818185,11.163636363636362,Ricky Rubio,PG,MIN
