ast,stl,blk,tov,pf,pts,name,position,team
2.9,0.725,0.225,2.15,2.2750000000000004,17.700000000000003,RJ Barrett,SG,NYK
