ast,stl,blk,tov,pf,pts,name,position,team
4.953333333333334,1.2199999999999998,0.06666666666666667,2.5599999999999996,1.9000000000000001,9.313333333333334,Robert Franks,PF,ORL
