ast,stl,blk,tov,pf,pts,name,position,team
1.225,0.7000000000000001,1.625,0.75,1.7750000000000001,6.425,Robert Williams,C,BOS
