ast,stl,blk,tov,pf,pts,name,position,team
0.8133333333333332,0.22000000000000008,0.9866666666666666,1.0599999999999998,1.8733333333333329,8.146666666666667,Robin Lopez,C,WAS
