ast,stl,blk,tov,pf,pts,name,position,team
0.6666666666666666,0.45,0.18333333333333335,0.7333333333333334,1.2333333333333332,3.233333333333333,Rodions Kurucs,SF,HOU
