ast,stl,blk,tov,pf,pts,name,position,team
1.375,0.59375,0.17500000000000004,0.775,1.63125,9.018749999999999,Rodney Hood,SF,POR
