ast,stl,blk,tov,pf,pts,name,position,team
1.0714285714285714,0.41428571428571426,0.1285714285714286,0.49999999999999994,1.1714285714285715,5.057142857142857,Rodney McGruder,SG,DET
