ast,stl,blk,tov,pf,pts,name,position,team
0.5499999999999999,0.43333333333333335,0.28333333333333327,0.4166666666666667,1.0666666666666667,4.066666666666667,Romeo Langford,SG,BOS
