ast,stl,blk,tov,pf,pts,name,position,team
1.7666666666666666,0.8500000000000001,0.5333333333333333,1.1,1.9333333333333336,7.8,Rondae Hollis-Jefferson,PF,POR
