ast,stl,blk,tov,pf,pts,name,position,team
2.157142857142857,1.1666666666666667,0.7333333333333334,2.1571428571428575,2.261904761904762,16.18095238095238,Rudy Gay,PF,SAS
