ast,stl,blk,tov,pf,pts,name,position,team
8.34,1.6199999999999999,0.3333333333333333,4.086666666666667,2.6199999999999997,22.38,Russell Westbrook,PG,WAS
