ast,stl,blk,tov,pf,pts,name,position,team
1.4166666666666667,0.39999999999999997,0.016666666666666666,0.43333333333333335,1.0833333333333335,2.983333333333334,Ryan Arcidiacono,PG,CHI
