ast,stl,blk,tov,pf,pts,name,position,team
2.5,0.7333333333333334,0.19999999999999998,1.2,1.0999999999999999,4.733333333333333,Saben Lee,PG,DET
