ast,stl,blk,tov,pf,pts,name,position,team
1.9999999999999998,0.8333333333333334,0.20000000000000004,1.0999999999999999,1.6666666666666667,14.366666666666667,Saddiq Bey,SF,DET
