ast,stl,blk,tov,pf,pts,name,position,team
0.43333333333333335,0.7999999999999999,0.4666666666666666,0.9,1.4333333333333333,6.166666666666667,Sekou Doumbouya,PF,DET
