ast,stl,blk,tov,pf,pts,name,position,team
0.4142857142857142,0.2571428571428572,0.1285714285714286,0.32857142857142857,0.9857142857142858,3.471428571428571,Semi Ojeleye,PF,BOS
