ast,stl,blk,tov,pf,pts,name,position,team
0.827777777777778,0.36666666666666675,1.5944444444444446,1.2111111111111112,2.566666666666666,11.3,Serge Ibaka,C,LAC
