ast,stl,blk,tov,pf,pts,name,position,team
1.7461538461538462,0.7384615384615384,0.10769230769230768,0.8538461538461538,1.3461538461538463,8.546153846153846,Seth Curry,SG,PHI
