ast,stl,blk,tov,pf,pts,name,position,team
1.2857142857142858,0.7285714285714285,0.2857142857142857,0.5999999999999999,1.3285714285714287,3.771428571428572,Shaquille Harrison,SG,DEN
