ast,stl,blk,tov,pf,pts,name,position,team
1.1500000000000001,0.5833333333333334,0.20000000000000004,0.49999999999999994,0.9833333333333334,3.25,Sindarius Thornwell,SG,ORL
