ast,stl,blk,tov,pf,pts,name,position,team
1.3818181818181818,0.6363636363636364,0.21818181818181823,0.7636363636363637,1.5272727272727273,4.481818181818182,Solomon Hill,PF,ATL
