ast,stl,blk,tov,pf,pts,name,position,team
1.422222222222222,0.8333333333333335,0.23333333333333334,1.0555555555555556,1.7777777777777777,6.044444444444444,Stanley Johnson,PF,TOR
