ast,stl,blk,tov,pf,pts,name,position,team
6.457142857142856,1.5285714285714285,0.2571428571428571,3.1214285714285723,2.35,24.20714285714286,Stephen Curry,PG,GSW
