ast,stl,blk,tov,pf,pts,name,position,team
0.16666666666666666,0.06666666666666667,0.7333333333333334,0.3333333333333333,0.8333333333333334,2.3000000000000003,Tacko Fall,C,BOS
