ast,stl,blk,tov,pf,pts,name,position,team
0.9,0.5375,0.9500000000000001,1.0499999999999998,2.34375,8.525,Taj Gibson,C,NYK
