ast,stl,blk,tov,pf,pts,name,position,team
1.611111111111111,0.7444444444444445,0.4444444444444444,1.3666666666666665,2.033333333333333,9.81111111111111,Taurean Prince,PF,CLE
