ast,stl,blk,tov,pf,pts,name,position,team
1.825,0.5,0.22500000000000003,0.775,1.775,7.125000000000001,Terance Mann,SG,LAC
