ast,stl,blk,tov,pf,pts,name,position,team
1.4166666666666667,0.7166666666666667,0.25000000000000006,1.0166666666666668,1.7833333333333332,8.55,Terence Davis,SG,SAC
