ast,stl,blk,tov,pf,pts,name,position,team
1.3076923076923075,0.8769230769230769,0.34615384615384615,1.0384615384615383,1.7461538461538464,11.015384615384615,Terrence Ross,SG,ORL
