ast,stl,blk,tov,pf,pts,name,position,team
1.8950000000000002,1.355,0.38,1.3900000000000001,2.085,11.715,Thaddeus Young,PF,CHI
