ast,stl,blk,tov,pf,pts,name,position,team
0.4600000000000001,0.22000000000000003,0.16,0.43999999999999995,0.9799999999999999,2.4999999999999996,Thanasis Antetokounmpo,SF,MIL
