ast,stl,blk,tov,pf,pts,name,position,team
0.8400000000000001,0.24000000000000005,0.04,0.5,0.56,2.2399999999999998,Theo Pinson,SG,NYK
