ast,stl,blk,tov,pf,pts,name,position,team
0.6142857142857142,0.34285714285714286,0.6857142857142857,0.5285714285714286,1.5999999999999999,4.642857142857143,Thon Maker,C,CLE
