ast,stl,blk,tov,pf,pts,name,position,team
2.6999999999999997,0.7666666666666666,0.20000000000000004,1.5333333333333332,1.4000000000000001,7.633333333333333,Théo Maledon,PG,OKC
