ast,stl,blk,tov,pf,pts,name,position,team
3.8624999999999994,0.5625000000000001,0.06874999999999999,1.4625000000000001,1.89375,4.69375,Tim Frazier,PG,MEM
