ast,stl,blk,tov,pf,pts,name,position,team
7.458823529411764,1.5058823529411762,0.14117647058823532,2.6941176470588233,2.188235294117647,15.74705882352941,Tim Hardaway Jr.,SG,DAL
