ast,stl,blk,tov,pf,pts,name,position,team
2.24,0.7549999999999999,0.54,1.415,2.0749999999999997,15.959999999999999,Tobias Harris,PF,PHI
