ast,stl,blk,tov,pf,pts,name,position,team
3.466666666666667,0.6333333333333334,0.12222222222222223,1.0555555555555556,1.4111111111111112,5.633333333333334,Tomáš Satoranský,SG,CHI
