ast,stl,blk,tov,pf,pts,name,position,team
0.5125,0.28750000000000003,0.5125,0.5624999999999999,1.2125,4.6499999999999995,Tony Bradley,C,OKC
