ast,stl,blk,tov,pf,pts,name,position,team
1.0181818181818183,0.41818181818181815,0.22727272727272727,0.5181818181818182,1.427272727272727,5.681818181818182,Tony Snell,SG,ATL
