ast,stl,blk,tov,pf,pts,name,position,team
1.03,0.53,0.5399999999999999,0.6399999999999999,1.9200000000000004,5.88,Torrey Craig,SF,MIL
