ast,stl,blk,tov,pf,pts,name,position,team
3.6999999999999997,0.7666666666666666,0.10000000000000002,1.0333333333333334,1.0999999999999999,7.066666666666666,Tre Jones,PG,SAS
