ast,stl,blk,tov,pf,pts,name,position,team
2.0,1.2961538461538462,0.3192307692307692,1.2115384615384615,1.8384615384615384,9.126923076923076,Trevor Ariza,SF,MIA
