ast,stl,blk,tov,pf,pts,name,position,team
1.03,0.36999999999999994,0.33999999999999997,0.8399999999999999,1.3900000000000001,7.959999999999999,Trey Lyles,PF,SAS
