ast,stl,blk,tov,pf,pts,name,position,team
2.923076923076923,0.5692307692307692,0.1,0.9692307692307692,1.1769230769230772,9.492307692307692,Trey Burke,PG,DAL
