ast,stl,blk,tov,pf,pts,name,position,team
0.9428571428571427,0.4571428571428572,0.6071428571428573,1.0714285714285716,2.1285714285714286,8.392857142857142,Tristan Thompson,PF,BOS
