ast,stl,blk,tov,pf,pts,name,position,team
1.2285714285714284,0.5285714285714286,0.14285714285714285,0.6857142857142858,1.385714285714286,5.871428571428572,Troy Brown Jr.,SF,CHI
