ast,stl,blk,tov,pf,pts,name,position,team
2.275,0.45000000000000007,0.125,0.7749999999999999,1.35,6.550000000000001,Ty Jerome,SG,OKC
