ast,stl,blk,tov,pf,pts,name,position,team
0.2714285714285714,0.3,0.05714285714285715,0.4857142857142857,0.7857142857142857,2.8285714285714283,Tyler Cook,SF,DET
