ast,stl,blk,tov,pf,pts,name,position,team
3.4749999999999996,0.7,0.275,2.175,1.4749999999999999,17.2,Tyler Herro,SG,MIA
