ast,stl,blk,tov,pf,pts,name,position,team
8.26,1.6600000000000001,0.5399999999999999,2.4799999999999995,1.48,15.9,Tyrese Haliburton,PG,SAC
