ast,stl,blk,tov,pf,pts,name,position,team
3.5666666666666664,0.7000000000000001,0.30000000000000004,1.3,1.9000000000000001,16.133333333333333,Tyrese Maxey,SG,PHI
