ast,stl,blk,tov,pf,pts,name,position,team
3.7750000000000004,0.9250000000000002,0.0875,0.7625,0.7625000000000001,6.5249999999999995,Tyus Jones,PG,MEM
