ast,stl,blk,tov,pf,pts,name,position,team
3.861538461538461,1.3692307692307693,0.37692307692307697,2.3461538461538463,2.3615384615384616,16.46923076923077,Victor Oladipo,SG,HOU
