ast,stl,blk,tov,pf,pts,name,position,team
1.1470588235294117,0.6058823529411765,0.08235294117647059,0.6647058823529411,1.2,8.105882352941176,Wayne Ellington,SG,DET
