ast,stl,blk,tov,pf,pts,name,position,team
2.1142857142857143,0.6428571428571429,0.8142857142857143,1.6999999999999997,3.0285714285714285,12.428571428571429,Wendell Carter Jr.,C,CHI
