ast,stl,blk,tov,pf,pts,name,position,team
1.9411764705882353,0.9176470588235294,0.22941176470588237,1.088235294117647,2.023529411764706,11.088235294117647,Wesley Matthews,SG,LAL
