ast,stl,blk,tov,pf,pts,name,position,team
2.4615384615384612,0.7461538461538463,0.37692307692307697,1.3153846153846156,1.4923076923076926,10.3,Will Barton,SF,DEN
