ast,stl,blk,tov,pf,pts,name,position,team
1.1181818181818182,0.6363636363636365,0.6727272727272727,0.6727272727272728,1.9090909090909087,6.272727272727274,Willie Cauley-Stein,C,DAL
