ast,stl,blk,tov,pf,pts,name,position,team
1.0333333333333334,0.6666666666666666,0.4333333333333333,0.6333333333333333,1.4000000000000001,4.833333333333333,Xavier Tillman Sr.,PF,MEM
