ast,stl,blk,tov,pf,pts,name,position,team
2.477777777777778,0.7333333333333333,0.2222222222222222,0.9444444444444444,1.4333333333333336,7.433333333333334,Yogi Ferrell,PG,CLE
