ast,stl,blk,tov,pf,pts,name,position,team
3.8777777777777778,0.9555555555555555,0.26666666666666666,2.6,2.222222222222222,20.277777777777782,Zach LaVine,SG,CHI
