ast,stl,blk,tov,pf,pts,name,position,team
0.26666666666666666,0.26666666666666666,0.20000000000000004,0.43333333333333335,1.3333333333333333,4.7,Zeke Nnaji,PF,DEN
